{"9808": [{"data": [{"hr": 15, "avg": 1.7, "departures": [0.0, 0.0, 0.0, 0.0, 0.0, 0.0, 0.0, 0.017094017094017096, 0.03418803418803419, 0.05128205128205128, 0.21367521367521367, 0.2564102564102564, 0.08547008547008547, 0.05982905982905983, 0.02564102564102564, 0.06837606837606838, 0.36752136752136755, 0.27350427350427353, 0.05982905982905983, 0.008547008547008548, 0.008547008547008548, 0.05982905982905983, 0.042735042735042736, 0.008547008547008548, 0.008547008547008548, 0.0, 0.0, 0.0, 0.0, 0.0, 0.0, 0.0, 0.0, 0.0, 0.0, 0.0, 0.0, 0.0, 0.0, 0.0, 0.0, 0.0, 0.0, 0.0, 0.0, 0.008547008547008548, 0.0, 0.0, 0.0, 0.0, 0.0, 0.0, 0.0, 0.0, 0.0, 0.008547008547008548, 0.0, 0.0, 0.0, 0.0]}, {"hr": 16, "avg": 0.0, "departures": [0.0, 0.0, 0.0, 0.0, 0.0, 0.0, 0.008547008547008548, 0.0, 0.0, 0.0, 0.0, 0.0, 0.0, 0.0, 0.0, 0.0, 0.0, 0.0, 0.0, 0.0, 0.0, 0.0, 0.0, 0.0, 0.0, 0.0, 0.0, 0.0, 0.0, 0.0, 0.0, 0.0, 0.0, 0.0, 0.0, 0.0, 0.0, 0.0, 0.0, 0.0, 0.0, 0.0, 0.0, 0.0, 0.0, 0.008547008547008548, 0.0, 0.0, 0.0, 0.0, 0.0, 0.0, 0.0, 0.0, 0.0, 0.0, 0.0, 0.0, 0.0, 0.0]}], "stpid": "14182", "dow": "W"}], "7871": [{"data": [{"hr": 5, "avg": 0.1, "departures": [0.0, 0.0, 0.0, 0.0, 0.0, 0.0, 0.0, 0.0, 0.0, 0.0, 0.0, 0.0, 0.0, 0.0, 0.0, 0.0, 0.0, 0.0, 0.0, 0.0, 0.0, 0.0, 0.0, 0.0, 0.0, 0.0, 0.0, 0.0, 0.0, 0.0, 0.0, 0.0, 0.0, 0.0, 0.0, 0.0, 0.0, 0.0, 0.0, 0.0, 0.0, 0.0, 0.0, 0.0, 0.0, 0.0, 0.0, 0.0, 0.0, 0.0, 0.0, 0.0, 0.0, 0.0, 0.0, 0.0, 0.0, 0.0, 0.015748031496062992, 0.07874015748031496]}, {"hr": 6, "avg": 6.1, "departures": [0.5118110236220472, 0.13385826771653545, 0.047244094488188976, 0.007874015748031496, 0.0, 0.007874015748031496, 0.0, 0.0, 0.0, 0.0, 0.0, 0.15748031496062992, 0.5590551181102362, 0.15748031496062992, 0.031496062992125984, 0.023622047244094488, 0.0, 0.0, 0.007874015748031496, 0.0, 0.0, 0.007874015748031496, 0.2992125984251969, 0.48031496062992124, 0.07086614173228346, 0.007874015748031496, 0.015748031496062992, 0.0, 0.0, 0.0, 0.0, 0.0, 0.007874015748031496, 0.13385826771653545, 0.5196850393700787, 0.18110236220472442, 0.023622047244094488, 0.007874015748031496, 0.0, 0.007874015748031496, 0.0, 0.0, 0.0, 0.18110236220472442, 0.4566929133858268, 0.2204724409448819, 0.05511811023622047, 0.015748031496062992, 0.015748031496062992, 0.007874015748031496, 0.007874015748031496, 0.3937007874015748, 0.2992125984251969, 0.13385826771653545, 0.03937007874015748, 0.031496062992125984, 0.015748031496062992, 0.08661417322834646, 0.5354330708661418, 0.23622047244094488]}, {"hr": 7, "avg": 8.2, "departures": [0.007874015748031496, 0.0, 0.015748031496062992, 0.007874015748031496, 0.2755905511811024, 0.31496062992125984, 0.12598425196850394, 0.05511811023622047, 0.031496062992125984, 0.023622047244094488, 0.03937007874015748, 0.5669291338582677, 0.1732283464566929, 0.03937007874015748, 0.031496062992125984, 0.023622047244094488, 0.03937007874015748, 0.3858267716535433, 0.2992125984251969, 0.07086614173228346, 0.031496062992125984, 0.015748031496062992, 0.0, 0.023622047244094488, 0.4015748031496063, 0.2677165354330709, 0.07086614173228346, 0.031496062992125984, 0.031496062992125984, 0.031496062992125984, 0.28346456692913385, 0.2440944881889764, 0.11811023622047244, 0.07874015748031496, 0.023622047244094488, 0.015748031496062992, 0.07874015748031496, 0.5433070866141733, 0.14960629921259844, 0.05511811023622047, 0.015748031496062992, 0.031496062992125984, 0.16535433070866143, 0.31496062992125984, 0.1968503937007874, 0.06299212598425197, 0.015748031496062992, 0.047244094488188976, 0.2992125984251969, 0.2755905511811024, 0.12598425196850394, 0.015748031496062992, 0.031496062992125984, 0.2755905511811024, 0.48031496062992124, 0.11811023622047244, 0.047244094488188976, 0.031496062992125984, 0.3543307086614173, 0.2677165354330709]}, {"hr": 8, "avg": 7.9, "departures": [0.06299212598425197, 0.03937007874015748, 0.13385826771653545, 0.44881889763779526, 0.2755905511811024, 0.07874015748031496, 0.047244094488188976, 0.023622047244094488, 0.29133858267716534, 0.3937007874015748, 0.08661417322834646, 0.03937007874015748, 0.023622047244094488, 0.2677165354330709, 0.3543307086614173, 0.14173228346456693, 0.07086614173228346, 0.03937007874015748, 0.015748031496062992, 0.41732283464566927, 0.33858267716535434, 0.06299212598425197, 0.023622047244094488, 0.08661417322834646, 0.4094488188976378, 0.2992125984251969, 0.08661417322834646, 0.03937007874015748, 0.015748031496062992, 0.031496062992125984, 0.3937007874015748, 0.2755905511811024, 0.08661417322834646, 0.05511811023622047, 0.0, 0.015748031496062992, 0.2992125984251969, 0.25984251968503935, 0.07086614173228346, 0.023622047244094488, 0.031496062992125984, 0.0, 0.09448818897637795, 0.3779527559055118, 0.23622047244094488, 0.07874015748031496, 0.015748031496062992, 0.03937007874015748, 0.031496062992125984, 0.015748031496062992, 0.07086614173228346, 0.4015748031496063, 0.2047244094488189, 0.07086614173228346, 0.015748031496062992, 0.031496062992125984, 0.007874015748031496, 0.0, 0.015748031496062992, 0.023622047244094488]}, {"hr": 9, "avg": 0.9, "departures": [0.2677165354330709, 0.25196850393700787, 0.2440944881889764, 0.015748031496062992, 0.007874015748031496, 0.015748031496062992, 0.007874015748031496, 0.007874015748031496, 0.0, 0.0, 0.0, 0.0, 0.0, 0.0, 0.007874015748031496, 0.007874015748031496, 0.0, 0.0, 0.007874015748031496, 0.0, 0.0, 0.0, 0.0, 0.0, 0.015748031496062992, 0.0, 0.007874015748031496, 0.0, 0.0, 0.0, 0.0, 0.007874015748031496, 0.0, 0.0, 0.0, 0.0, 0.0, 0.0, 0.0, 0.0, 0.0, 0.0, 0.0, 0.0, 0.0, 0.0, 0.0, 0.0, 0.0, 0.0, 0.0, 0.0, 0.0, 0.0, 0.0, 0.0, 0.0, 0.0, 0.007874015748031496, 0.0]}, {"hr": 10, "avg": 0.0, "departures": [0.0, 0.0, 0.0, 0.0, 0.0, 0.0, 0.0, 0.0, 0.0, 0.0, 0.0, 0.0, 0.0, 0.0, 0.0, 0.0, 0.0, 0.0, 0.0, 0.0, 0.0, 0.0, 0.0, 0.0, 0.0, 0.0, 0.007874015748031496, 0.0, 0.0, 0.0, 0.0, 0.0, 0.0, 0.0, 0.0, 0.0, 0.0, 0.0, 0.0, 0.0, 0.0, 0.0, 0.0, 0.0, 0.0, 0.0, 0.0, 0.0, 0.0, 0.0, 0.0, 0.0, 0.0, 0.0, 0.0, 0.0, 0.0, 0.0, 0.0, 0.0]}, {"hr": 14, "avg": 3.5, "departures": [0.0, 0.0, 0.0, 0.0, 0.0, 0.0, 0.0, 0.0, 0.0, 0.0, 0.0, 0.0, 0.0, 0.0, 0.0, 0.0, 0.0, 0.0, 0.0, 0.0, 0.0, 0.0, 0.0, 0.0, 0.0, 0.0, 0.0, 0.0, 0.0, 0.07086614173228346, 0.3858267716535433, 0.2440944881889764, 0.023622047244094488, 0.023622047244094488, 0.0, 0.0, 0.03937007874015748, 0.07086614173228346, 0.4409448818897638, 0.2125984251968504, 0.09448818897637795, 0.023622047244094488, 0.007874015748031496, 0.007874015748031496, 0.05511811023622047, 0.11023622047244094, 0.5433070866141733, 0.1968503937007874, 0.05511811023622047, 0.007874015748031496, 0.007874015748031496, 0.007874015748031496, 0.007874015748031496, 0.05511811023622047, 0.2992125984251969, 0.3779527559055118, 0.05511811023622047, 0.015748031496062992, 0.015748031496062992, 0.007874015748031496]}, {"hr": 15, "avg": 6.9,